{
    "ambientocclusion": false,
    "elements": [
        {   "from": [ 0, 0, 4 ],
            "to": [ 1, 8, 12 ],
            "faces": {
                "down":  { "uv": [ 13, 0, 16, 16 ], "texture": "#bottom" },
                "north": { "uv": [  3, 0,  0, 16 ], "texture": "#bottom" },
                "south": { "uv": [  0, 0,  3, 16 ], "texture": "#bottom" },
                "west":  { "uv": [  0, 0, 16, 16 ], "texture": "#bottom" },
                "east":  { "uv": [ 16, 0,  0, 16 ], "texture": "#bottom" }
            }
        },
        {   "from": [ 0, 8, 4 ],
            "to": [ 1, 16, 12 ],
            "faces": {
                "up":    { "uv": [ 13, 0, 16, 16 ], "texture": "#bottom"},
                "north": { "uv": [  3, 0,  0, 16 ], "texture": "#top" },
                "south": { "uv": [  0, 0,  3, 16 ], "texture": "#top" },
                "west":  { "uv": [  0, 0, 16, 16 ], "texture": "#top" },
                "east":  { "uv": [ 16, 0,  0, 16 ], "texture": "#top" }
            }
        }
    ],
    "display": {
      "gui": {
        "rotation": [ 0, 90, 0 ],
        "translation": [ 0, 0, 0],
        "scale":[ 0.9, 0.9, 0.9 ]
      },
      "ground": {
        "rotation": [ 0, 0, 0 ],
        "translation": [ 0, 3, 0],
        "scale":[ 0.25, 0.25, 0.25 ]
      },
      "fixed": {
        "rotation": [ 0, 0, 0 ],
        "translation": [ 0, 0, 0],
        "scale":[ 0.5, 0.5, 0.5 ]
      },
      "thirdperson_righthand": {
        "rotation": [ 75, 45, 0 ],
        "translation": [ 0, 2.5, 0],
        "scale": [ 0.5, 0.5, 0.5 ]
      },
      "firstperson_righthand": {
        "rotation": [ 0, 45, 0 ],
        "translation": [ 0, 0, 0 ],
        "scale": [ 0.40, 0.40, 0.40 ]
      },
      "firstperson_lefthand": {
        "rotation": [ 0, 225, 0 ],
        "translation": [ 0, 0, 0 ],
        "scale": [ 0.40, 0.40, 0.40 ]
      }
    }
}
