{
    "parent": "minecraft:block/block",
    "elements": [
        {   "from": [ 0, 0, 0 ],
            "to": [ 16, 16, 16 ],
            "faces": {
                "down":  { "texture": "#base", "cullface": "down" },
                "up":    { "texture": "#base", "cullface": "up" },
                "north": { "texture": "#base", "cullface": "north" },
                "south": { "texture": "#base", "cullface": "south" },
                "west":  { "texture": "#base", "cullface": "west" },
                "east":  { "texture": "#base", "cullface": "east" }
            }
        },
		{   "from": [ 7, -1, 7 ], "__comment": "TODO: make a script to place random cubes on each face with random orientations (do random x, y, z vector and then convert to rotations). Also figure out if lighting is a problem and if so, solve it"
            "to": [ 9, 1, 9 ],
			"rotation": { "origin": [ 8, 0, 8 ], "axis": "x", "angle": -45 },
			"rotation": { "origin": [ 8, 0, 8 ], "axis": "y", "angle": -45 },
			"rotation": { "origin": [ 8, 0, 8 ], "axis": "z", "angle": -45 },
            "faces": {
                "down":  { "texture": "#ore", "cullface": "down" },
                "up":    { "texture": "#ore", "cullface": "down" },
                "north": { "texture": "#ore", "cullface": "down" },
                "south": { "texture": "#ore", "cullface": "down" },
                "west":  { "texture": "#ore", "cullface": "down" },
                "east":  { "texture": "#ore", "cullface": "down" }
            }
        }
    ]
}