{
    "parent": "block/block",
	"textures":{
		"particle": "block/obsidian",
		"frame": "block/obsidian",
		"portal": "block/nether_portal"
	},
    "elements": [
        {   "from": [ 2, 0, 2 ],
            "to": [ 14, 1, 14 ],
            "faces": {
                "up":    { "uv": [  2,  2, 14, 14 ], "texture": "#portal" }
            }
        },
		{   "from": [ 2, 15, 2 ],
            "to": [ 14, 16, 14 ],
            "faces": {
                "down":    { "uv": [  2,  2, 14, 14 ], "texture": "#portal" }
            }
        },
		{   "from": [ 2, 2, 0 ],
            "to": [ 14, 14, 1 ],
            "faces": {
                "south":    { "uv": [  2,  2, 14, 14 ], "texture": "#portal" }
            }
        },
		{   "from": [ 2, 2, 15 ],
            "to": [ 14, 14, 16 ],
            "faces": {
                "north":    { "uv": [  2,  2, 14, 14 ], "texture": "#portal" }
            }
        },
		{   "from": [ 0, 2, 2 ],
            "to": [ 1, 14, 14 ],
            "faces": {
                "east":    { "uv": [  2,  2, 14, 14 ], "texture": "#portal" }
            }
        },
		{   "from": [ 15, 2, 2 ],
            "to": [ 16, 14, 14 ],
            "faces": {
                "west":    { "uv": [  2,  2, 14, 14 ], "texture": "#portal" }
            }
        },
		
        {   "from": [ 0, 2, 0 ],
            "to": [ 2, 14, 2 ],
            "faces": {
                "north": { "uv": [  0,  2,  2, 14 ], "texture": "#frame" },
                "south": { "uv": [  0,  2,  2, 14 ], "texture": "#frame" },
                "west":  { "uv": [  0,  2,  2, 14 ], "texture": "#frame" },
                "east":  { "uv": [  0,  2,  2, 14 ], "texture": "#frame" }
            }
        },
        {   "from": [ 14, 2, 0 ],
            "to": [ 16, 14, 2 ],
            "faces": {
                "south": { "uv": [ 14,  2, 16, 14 ], "texture": "#frame" },
                "north": { "uv": [ 14,  2, 16, 14 ], "texture": "#frame" },
                "west":  { "uv": [  0,  2,  2, 14 ], "texture": "#frame" },
                "east":  { "uv": [  0,  2,  2, 14 ], "texture": "#frame" }
            }
        },
        {   "from": [ 0, 2, 14 ],
            "to": [ 2, 14, 16 ],
            "faces": {
                "north": { "uv": [  0,  2,  2, 14 ], "texture": "#frame" },
                "south": { "uv": [  0,  2,  2, 14 ], "texture": "#frame" },
                "east":  { "uv": [ 14,  2, 16, 14 ], "texture": "#frame" },
                "west":  { "uv": [ 14,  2, 16, 14 ], "texture": "#frame" }
            }
        },
        {   "from": [ 14, 2, 14 ],
            "to": [ 16, 14, 16 ],
            "faces": {
                "south": { "uv": [ 14,  2, 16, 14 ], "texture": "#frame" },
                "north": { "uv": [ 14,  2, 16, 14 ], "texture": "#frame" },
                "east":  { "uv": [ 14,  2, 16, 14 ], "texture": "#frame" },
                "west":  { "uv": [ 14,  2, 16, 14 ], "texture": "#frame" }
            }
        },
		{   "from": [ 0, 14, 0 ],
            "to": [ 2, 16, 16 ],
            "faces": {
                "down":  { "uv": [  0,  0,  2, 16 ], "texture": "#frame" },
                "up":    { "uv": [  0,  0,  2, 16 ], "texture": "#frame" },
                "north": { "uv": [  0, 14,  2, 16 ], "texture": "#frame" },
                "south": { "uv": [  0, 14,  2, 16 ], "texture": "#frame" },
                "west":  { "uv": [  0, 14, 16, 16 ], "texture": "#frame" },
                "east":  { "uv": [  0, 14, 16, 16 ], "texture": "#frame" }
            }
        },
		{   "from": [ 14, 14, 0 ],
            "to": [ 16, 16, 16 ],
            "faces": {
                "down":  { "uv": [ 14,  0, 16, 16 ], "texture": "#frame" },
                "up":    { "uv": [ 14,  0, 16, 16 ], "texture": "#frame" },
                "south": { "uv": [ 14, 14, 16, 16 ], "texture": "#frame" },
                "north": { "uv": [ 14, 14, 16, 16 ], "texture": "#frame" },
                "west":  { "uv": [  0, 14, 16, 16 ], "texture": "#frame" },
                "east":  { "uv": [  0, 14, 16, 16 ], "texture": "#frame" }
            }
        },
		{   "from": [ 2, 14, 0 ],
            "to": [ 14, 16, 2 ],
            "faces": {
                "down":  { "uv": [  2,  0, 14,  2 ], "texture": "#frame" },
                "up":    { "uv": [  2,  0, 14,  2 ], "texture": "#frame" },
                "north": { "uv": [  2, 14, 14, 16 ], "texture": "#frame" },
                "south": { "uv": [  2, 14, 14, 16 ], "texture": "#frame" }
            }
        },
		{   "from": [ 2, 14, 14 ],
            "to": [ 14, 16, 16 ],
            "faces": {
                "down":  { "uv": [  2, 14, 14, 16 ], "texture": "#frame" },
                "up":    { "uv": [  2, 14, 14, 16 ], "texture": "#frame" },
                "north": { "uv": [  2, 14, 14, 16 ], "texture": "#frame" },
                "south": { "uv": [  2, 14, 14, 16 ], "texture": "#frame" }
            }
        },
		{   "from": [ 0, 0, 0 ],
            "to": [ 2, 2, 16 ],
            "faces": {
                "down":  { "uv": [  0,  0,  2, 16 ], "texture": "#frame" },
                "up":    { "uv": [  0,  0,  2, 16 ], "texture": "#frame" },
                "north": { "uv": [  0,  0,  2,  2 ], "texture": "#frame" },
                "south": { "uv": [  0,  0,  2,  2 ], "texture": "#frame" },
                "west":  { "uv": [  0,  0, 16,  2 ], "texture": "#frame" },
                "east":  { "uv": [  0,  0, 16,  2 ], "texture": "#frame" }
            }
        },
		{   "from": [ 14, 0, 0 ],
            "to": [ 16, 2, 16 ],
            "faces": {
                "down":  { "uv": [ 14,  0, 16, 16 ], "texture": "#frame" },
                "up":    { "uv": [ 14,  0, 16, 16 ], "texture": "#frame" },
                "south": { "uv": [ 14,  0, 16,  2 ], "texture": "#frame" },
                "north": { "uv": [ 14,  0, 16,  2 ], "texture": "#frame" },
                "west":  { "uv": [  0,  0, 16,  2 ], "texture": "#frame" },
                "east":  { "uv": [  0,  0, 16,  2 ], "texture": "#frame" }
            }
        },
		{   "from": [ 2, 0, 0 ],
            "to": [ 14, 2, 2 ],
            "faces": {
                "down":  { "uv": [  2,  0, 14,  2 ], "texture": "#frame" },
                "up":    { "uv": [  2,  0, 14,  2 ], "texture": "#frame" },
                "north": { "uv": [  2,  0, 14,  2 ], "texture": "#frame" },
                "south": { "uv": [  2,  0, 14,  2 ], "texture": "#frame" }
            }
        },
		{   "from": [ 2, 0, 14 ],
            "to": [ 14, 2, 16 ],
            "faces": {
                "down":  { "uv": [  2, 14, 14, 16 ], "texture": "#frame" },
                "up":    { "uv": [  2, 14, 14, 16 ], "texture": "#frame" },
                "north": { "uv": [  2,  0, 14,  2 ], "texture": "#frame" },
                "south": { "uv": [  2,  0, 14,  2 ], "texture": "#frame" }
            }
        }
    ]
}
