{
  "type": "crafting_shaped",
  "pattern": [
    "###",
    "#X#",
    "###"
  ],
  "key": {
    "#": [
      {
        "item": "minecraft:planks",
        "data": 0
      },
      {
        "item": "minecraft:planks",
        "data": 1
      },
      {
        "item": "minecraft:planks",
        "data": 2
      },
      {
        "item": "minecraft:planks",
        "data": 3
      },
      {
        "item": "minecraft:planks",
        "data": 4
      },
      {
        "item": "minecraft:planks",
        "data": 5
      }
    ],
    "X": {
      "item": "minecraft:diamond"
    }
  },
  "result": {
    "item": "minecraft:jukebox"
  }
}
