{
  "type": "crafting_shaped",
  "pattern": [
    "I",
    "S",
    "#"
  ],
  "key": {
    "#": [
      {
        "item": "minecraft:planks",
        "data": 0
      },
      {
        "item": "minecraft:planks",
        "data": 1
      },
      {
        "item": "minecraft:planks",
        "data": 2
      },
      {
        "item": "minecraft:planks",
        "data": 3
      },
      {
        "item": "minecraft:planks",
        "data": 4
      },
      {
        "item": "minecraft:planks",
        "data": 5
      }
    ],
    "S": {
      "item": "minecraft:stick"
    },
    "I": {
      "item": "minecraft:iron_ingot"
    }
  },
  "result": {
    "item": "minecraft:tripwire_hook",
    "count": 2
  }
}
